t,gpu,temp,power,sm_mhz
1790928876,0, 52, 100.82, 1695
1790928876,1, 55, 107.34, 1740
1790928877,0, 53, 101.29, 1695
1790928877,1, 55, 107.34, 1740
1790928878,0, 53, 100.95, 1695
1790928878,1, 55, 107.52, 1740
1790928879,0, 53, 100.93, 1695
1790928880,1, 55, 108.19, 1740
1790928881,0, 55, 109.22, 1950
1790928881,1, 55, 108.69, 1740
1790928882,0, 56, 123.96, 1950
1790928882,1, 55, 108.31, 1740
1790928883,0, 54, 116.01, 1695
1790928883,1, 56, 107.84, 1740
1790928884,0, 54, 108.28, 1695
1790928884,1, 56, 107.89, 1740
1790928885,0, 55, 103.39, 1695
1790928885,1, 57, 110.93, 1740
1790928886,0, 57, 122.22, 1950
1790928886,1, 58, 130.64, 1920
1790928887,0, 58, 131.65, 1935
1790928887,1, 58, 155.34, 1920
1790928888,0, 62, 148.92, 1935
1790928888,1, 62, 158.71, 1920
1790928889,0, 66, 205.42, 1920
1790928889,1, 63, 220.99, 1920
1790928890,0, 68, 212.52, 1905
1790928890,1, 64, 229.36, 1920
1790928891,0, 69, 218.39, 1905
1790928891,1, 65, 234.46, 1920
t,gpu,temp,power,sm_mhz
t,gpu,temp,power,sm_mhz
1790928973,0,52,81.17,270
1790928973,1,59,91.87,225
1790928974,0,48,54.23,210
1790928974,1,58,71.67,210
1790928975,0,48,31.22,210
1790928975,1,58,49.37,210
1790928976,0,46,20.07,210
1790928976,1,55,27.18,210
1790928977,0,44,18.03,210
1790928977,1,55,25.09,210
1790928978,0,44,17.47,210
1790928978,1,55,23.23,210
1790928979,0,44,17.09,210
1790928979,1,54,23.20,210
1790928980,0,43,16.83,210
1790928980,1,54,22.91,210
1790928981,0,42,16.98,210
1790928981,1,53,22.92,210
1790928982,0,42,17.05,210
1790928982,1,53,22.76,210
1790928983,0,42,16.85,210
1790928983,1,53,22.62,210
1790928984,0,42,16.68,210
1790928984,1,53,22.44,210
1790928985,0,42,16.68,210
1790928985,1,53,22.29,210
1790928986,0,41,16.78,210
1790928986,1,53,22.32,210
1790928988,0,41,16.82,210
1790928988,1,52,22.31,210
1790928989,0,41,17.05,210
1790928989,1,52,21.94,210
1790928990,0,41,17.24,210
1790928990,1,52,21.92,210
1790928991,0,41,17.05,210
1790928991,1,52,22.15,210
1790928992,0,41,16.94,210
1790928992,1,52,22.14,210
1790928993,0,41,16.90,210
1790928993,1,52,22.07,210
1790928994,0,41,16.76,210
1790928994,1,52,22.03,210
1790928995,0,40,16.79,210
1790928995,1,51,22.07,210
1790928996,0,40,16.80,210
1790928996,1,51,21.86,210
1790928997,0,40,16.77,210
1790928997,1,51,21.91,210
1790928998,0,40,17.00,210
1790928998,1,51,21.76,210
1790928999,0,40,17.00,210
1790928999,1,51,21.68,210
1790929000,0,40,16.87,210
1790929000,1,51,21.95,210
1790929001,0,40,16.84,210
1790929001,1,51,21.85,210
1790929003,0,40,16.76,210
1790929003,1,51,21.84,210
1790929004,0,40,16.84,210
1790929004,1,50,21.96,210
1790929005,0,40,16.98,210
1790929005,1,50,21.76,210
1790929006,0,40,16.93,210
1790929006,1,50,21.63,210
1790929007,0,39,16.95,210
1790929007,1,50,21.89,210
1790929008,0,39,17.05,210
1790929008,1,50,22.00,210
1790929009,0,39,17.13,210
1790929009,1,50,21.76,210
1790929010,0,39,17.06,210
1790929010,1,50,21.90,210
1790929011,0,39,16.81,210
1790929011,1,50,21.56,210
1790929012,0,39,17.38,210
1790929012,1,50,20.93,210
1790929013,0,39,17.27,210
1790929013,1,50,20.86,210
1790929014,0,39,17.15,210
1790929014,1,49,21.14,210
1790929015,0,39,17.02,210
1790929015,1,49,21.23,210
1790929016,0,39,16.78,210
1790929016,1,49,21.44,210
1790929017,0,39,16.75,210
1790929017,1,49,21.68,210
1790929019,0,39,17.19,210
1790929019,1,49,21.22,210
1790929020,0,39,17.19,210
1790929020,1,49,21.24,210
1790929021,0,38,16.93,210
1790929021,1,49,21.46,210
1790929022,0,38,17.02,210
1790929022,1,49,21.12,210
1790929023,0,38,17.20,210
1790929023,1,49,21.05,210
1790929024,0,38,17.31,210
1790929024,1,49,21.12,210
1790929025,0,38,17.19,210
1790929025,1,49,20.95,210
1790929026,0,38,17.09,210
1790929026,1,48,20.82,210
1790929027,0,38,17.01,210
1790929027,1,48,20.86,210
1790929028,0,38,16.80,210
1790929028,1,48,21.25,210
1790929029,0,38,16.98,210
1790929029,1,48,21.07,210
1790929030,0,38,16.78,210
1790929030,1,48,20.90,210
1790929031,0,38,16.65,210
1790929031,1,48,21.13,210
1790929032,0,38,16.88,210
1790929032,1,48,21.06,210
1790929034,0,38,16.94,210
1790929034,1,48,21.10,210
1790929035,0,38,16.90,210
1790929035,1,48,21.17,210
1790929036,0,38,16.81,210
1790929036,1,48,21.33,210
1790929037,0,38,16.64,210
1790929037,1,48,21.42,210
1790929038,0,38,16.80,210
1790929038,1,48,21.11,210
1790929039,0,37,17.11,210
1790929039,1,47,20.82,210
1790929040,0,37,17.10,210
1790929040,1,47,20.79,210
1790929041,0,37,16.89,210
1790929041,1,47,21.63,210
1790929042,0,37,16.90,210
1790929042,1,47,21.43,210
1790929043,0,37,16.79,210
1790929043,1,47,21.52,210
1790929044,0,37,16.79,210
1790929044,1,47,21.43,210
1790929045,0,37,16.70,210
1790929045,1,47,21.43,210
1790929046,0,37,16.61,210
1790929046,1,47,21.48,210
1790929047,0,37,16.64,210
1790929047,1,47,21.17,210
1790929048,0,37,16.61,210
1790929048,1,47,21.13,210
1790929050,0,37,16.67,210
1790929050,1,47,21.07,210
1790929051,0,37,16.74,210
1790929051,1,47,20.80,210
1790929052,0,37,16.61,210
1790929052,1,47,20.66,210
1790929053,0,37,16.55,210
1790929053,1,46,20.80,210
1790929054,0,37,16.61,210
1790929054,1,46,20.97,210
1790929055,0,37,16.62,210
1790929055,1,46,20.56,210
1790929056,0,37,16.79,210
1790929056,1,46,20.16,210
1790929057,0,37,16.92,210
1790929057,1,46,20.47,210
1790929058,0,37,17.02,210
1790929058,1,46,20.33,210
1790929059,0,37,17.11,210
1790929059,1,46,20.08,210
1790929060,0,36,17.08,210
1790929060,1,46,19.84,210
1790929061,0,36,17.13,210
1790929061,1,46,19.67,210
1790929062,0,36,16.83,210
1790929062,1,46,20.07,210
1790929063,0,36,16.65,210
1790929063,1,46,20.39,210
1790929065,0,36,16.82,210
1790929065,1,46,20.17,210
1790929066,0,36,16.89,210
1790929066,1,46,19.92,210
1790929067,0,36,16.99,210
1790929067,1,46,19.59,210
1790929068,0,36,17.22,210
1790929068,1,45,19.46,210
1790929069,0,36,17.09,210
1790929069,1,45,19.59,210
1790929070,0,36,16.78,210
1790929070,1,45,19.84,210
1790929071,0,36,16.75,210
1790929071,1,45,20.24,210
1790929072,0,36,16.76,210
1790929072,1,45,20.22,210
1790929073,0,36,16.96,210
1790929073,1,45,20.06,210
1790929074,0,36,16.90,210
1790929074,1,45,20.17,210
1790929075,0,36,16.88,210
1790929075,1,45,20.39,210
1790929076,0,36,16.97,210
1790929076,1,45,20.53,210
1790929077,0,36,16.76,210
1790929077,1,45,20.84,210
1790929078,0,36,16.67,210
1790929078,1,45,20.65,210
1790929079,0,36,16.96,210
1790929079,1,45,20.12,210
1790929081,0,36,16.86,210
1790929081,1,45,20.26,210
1790929082,0,36,16.65,210
1790929082,1,45,20.47,210
1790929083,0,36,16.66,210
1790929083,1,44,20.61,210
1790929084,0,36,16.57,210
1790929084,1,45,20.66,210
1790929085,0,36,16.61,210
1790929085,1,45,20.57,210
1790929086,0,35,16.68,210
1790929086,1,44,20.65,210
1790929087,0,35,16.59,210
1790929087,1,44,20.46,210
