run_key,ts,commit,model,set,name,mode,pool,w_global,w_window,window,lr,w_dist,requests,complete,last_hit,mean_hit,max_hit,overall_hit,last_tps,mean_tps,max_tps,uploads_req,evictions_req,mib_req,moved_req,learned_w,note
glm35_off-cold@1790865374,2026-10-01 16:36,5b5f96e83+dirty,GLM-3.5bit,chat13,glm35_off,cold,0,,,,,,24,1,63.6,62.6,69.6,62.5,13.25,13.29,16.03,1563.8,1552.0,16413.0,0.0,,
glm35_off_rep-cold@1790865870,2026-10-01 16:44,5b5f96e83+dirty,GLM-3.5bit,chat13,glm35_off_rep,cold,0,,,,,,24,1,63.54,63.18,69.2,63.1,12.05,11.16,13.27,1760.9,1750.7,18584.6,0.0,,
glm35_g0.3_w0.7_n64-cold@1790866443,2026-10-01 16:54,5b5f96e83+dirty,GLM-3.5bit,chat13,glm35_g0.3_w0.7_n64,cold,1,0.3,0.7,64,0,0,24,1,63.58,63.09,68.9,63.0,11.63,10.72,12.51,1601.1,1705.3,18088.7,1360.7,,
w10q36_off-cold@1790866771,2026-10-01 16:59,5b5f96e83+dirty,Qwen3.6-35B-Q2_0 (W10 8GB),chat13,w10q36_off,cold,0,,,,,,24,1,88.07,87.1,91.1,87.4,48.65,46.02,48.65,1644.0,1556.2,1438.6,0.0,,
w10q36_g0.5_w0.5_n64-cold@1790866771,2026-10-01 16:59,5b5f96e83+dirty,Qwen3.6-35B-Q2_0 (W10 8GB),chat13,w10q36_g0.5_w0.5_n64,cold,1,0.5,0.5,64,0,0,24,1,86.02,83.48,92.6,84.2,46.12,46.12,46.12,1008.2,852.8,872.4,987.7,,
w10q36_g0.3_w0.7_n64-cold@1790866771,2026-10-01 16:59,5b5f96e83+dirty,Qwen3.6-35B-Q2_0 (W10 8GB),chat13,w10q36_g0.3_w0.7_n64,cold,1,0.3,0.7,64,0,0,24,1,85.86,83.77,92.9,84.6,46.83,46.83,46.83,1159.0,1014.1,1001.2,1135.3,,
w10q36_g0.1_w0.9_n32-cold@1790866771,2026-10-01 16:59,5b5f96e83+dirty,Qwen3.6-35B-Q2_0 (W10 8GB),chat13,w10q36_g0.1_w0.9_n32,cold,1,0.1,0.9,32,0,0,24,1,85.58,83.34,93.0,84.0,46.33,46.33,46.33,1246.5,1099.0,1073.6,1221.1,,
w10q36_off_rep-cold@1790866771,2026-10-01 16:59,5b5f96e83+dirty,Qwen3.6-35B-Q2_0 (W10 8GB),chat13,w10q36_off_rep,cold,0,,,,,,24,1,85.52,83.9,92.2,84.5,48.06,48.06,48.06,1228.1,1090.1,1048.4,0.0,,
w10q36_g0.1_w0.9_n128-cold@1790866771,2026-10-01 16:59,5b5f96e83+dirty,Qwen3.6-35B-Q2_0 (W10 8GB),chat13,w10q36_g0.1_w0.9_n128,cold,1,0.1,0.9,128,0,0,24,1,85.45,83.89,91.8,84.5,45.32,45.32,45.32,1187.1,1043.8,1025.8,1160.8,,
w10q36_g0.1_w0.9_n256-cold@1790866771,2026-10-01 16:59,5b5f96e83+dirty,Qwen3.6-35B-Q2_0 (W10 8GB),chat13,w10q36_g0.1_w0.9_n256,cold,1,0.1,0.9,256,0,0,24,1,85.08,83.46,92.3,84.1,46.59,46.59,46.59,1082.9,933.8,937.4,1058.4,,
w10q36_g0.1_w0.9_n64-cold@1790866771,2026-10-01 16:59,5b5f96e83+dirty,Qwen3.6-35B-Q2_0 (W10 8GB),chat13,w10q36_g0.1_w0.9_n64,cold,1,0.1,0.9,64,0,0,24,1,85.02,83.35,92.3,84.0,46.16,46.16,46.16,1244.2,1101.2,1072.9,1218.2,,
w10q36_multiwin-cold@1790866771,2026-10-01 16:59,5b5f96e83+dirty,Qwen3.6-35B-Q2_0 (W10 8GB),chat13,w10q36_multiwin,cold,1,0.5,0.5,64,0,0,24,1,84.88,81.78,89.3,82.4,46.73,46.73,46.73,668.6,505.1,585.4,654.5,,
w10q36_lrn-cold@1790866771,2026-10-01 16:59,5b5f96e83+dirty,Qwen3.6-35B-Q2_0 (W10 8GB),chat13,w10q36_lrn,cold,1,0.5,0.5,64,0.05,0,24,1,84.79,81.42,90.2,81.9,48.72,47.68,48.72,486.0,319.8,431.2,479.9,,
glm35_g0.1_w0.9_n64-cold@1790866993,2026-10-01 17:03,5b5f96e83+dirty,GLM-3.5bit,chat13,glm35_g0.1_w0.9_n64,cold,1,0.1,0.9,64,0,0,24,1,62.52,62.61,67.4,62.5,11.99,10.69,13.28,1600.9,1659.1,17511.2,1359.0,,
glm35_hmmK8_h0.5-cold@1790867825,2026-10-01 17:17,5b5f96e83+dirty,GLM-3.5bit,chat13,glm35_hmmK8_h0.5,cold,1,0.5,0.5,64,0,0,24,1,61.88,61.6,65.9,61.5,15.34,14.34,16.45,1322.6,1344.0,14305.1,1116.5,,
glm35_poolOldScore-cold@1790869211,2026-10-01 17:40,5b5f96e83+dirty,GLM-3.5bit,chat13,glm35_poolOldScore,cold,1,0.5,0.5,64,0,0,24,1,62.18,61.51,67.4,61.5,15.45,13.97,16.68,1336.0,1316.5,14262.0,1118.4,,
glm35_exp64-cold@1790869625,2026-10-01 17:47,5b5f96e83+dirty,GLM-3.5bit,chat13,glm35_exp64,cold,1,0.5,0.5,64,0,0,24,1,60.77,60.84,66.3,60.8,14.9,13.94,16.43,1321.5,1355.5,14393.1,1113.2,,
glm35_exp32-cold@1790870024,2026-10-01 17:53,5b5f96e83+dirty,GLM-3.5bit,chat13,glm35_exp32,cold,1,0.5,0.5,64,0,0,24,1,61.38,61.6,65.8,61.6,14.95,14.12,15.95,1537.7,1546.0,16249.9,1292.5,,
glm35_offClean-cold@1790870404,2026-10-01 18:00,5b5f96e83+dirty,GLM-3.5bit,chat13,glm35_offClean,cold,0,,,,,,24,1,62.41,61.71,68.5,61.7,15.64,14.56,17.16,1329.9,1280.9,13666.1,0.0,,
glm35_3trace-cold@1790870681,2026-10-01 18:04,5b5f96e83+dirty,GLM-3.5bit,chat13,glm35_3trace,cold,1,0.5,0.5,64,0,0,3,1,68.5,68.5,74.2,68.4,15.51,15.51,15.97,6718.0,5931.3,68548.9,0.0,,
glm35_3t_off-cold@1790871023,2026-10-01 18:10,5b5f96e83+dirty,GLM-3.5bit,chat13,glm35_3t_off,cold,0,,,,,,12,1,71.53,70.63,76.4,70.6,18.09,16.57,19.63,2263.4,2086.2,23127.4,0.0,,
glm35_3t_g0.3_w0.7_n64-cold@1790871372,2026-10-01 18:16,5b5f96e83+dirty,GLM-3.5bit,chat13,glm35_3t_g0.3_w0.7_n64,cold,1,0.3,0.7,64,0,0,12,1,70.17,69.38,73.8,69.3,17.68,16.24,18.74,1949.1,1777.1,20322.5,1645.1,,
glm35_3t_poolOldScore-cold@1790871736,2026-10-01 18:22,5b5f96e83+dirty,GLM-3.5bit,chat13,glm35_3t_poolOldScore,cold,1,0.5,0.5,64,0,0,12,1,71.83,69.86,76.7,69.8,17.79,16.09,19.24,2621.1,2479.0,27463.3,2226.9,,
glm35_3t_exp64-cold@1790872106,2026-10-01 18:28,5b5f96e83+dirty,GLM-3.5bit,chat13,glm35_3t_exp64,cold,1,0.5,0.5,64,0,0,12,1,65.9,66.24,73.8,66.2,15.41,15.04,16.94,2128.0,1992.9,22527.1,1769.4,,
glm35_3t_off_rep-cold@1790872440,2026-10-01 18:34,5b5f96e83+dirty,GLM-3.5bit,chat13,glm35_3t_off_rep,cold,0,,,,,,12,1,69.83,70.1,75.9,70.1,17.7,16.71,19.37,2197.7,2020.9,22448.7,0.0,,
